Ada Gonzalez	13782666-6	CCAATATTGTCGGCGGCATACAATATTGTGCATTCAAGCCAGAATCAATGGGCAATTCGGTTGCGG
Adela Solis	13319233-6	GAGGGACAACCATTGCCAGATAAGACGTATTTTCGGACCGTTATGCACTCTGGATAGTATCTATTC
Adorne Vidal	11291723-3	GTTATAGCACTCCCGCTCACTTTAGCTGTTTAAAGCATAATAATGCGATTTATTCAGGGAGCTCAT
Adriena Sanders	8887757-8	TTAAAATACGGTGTTTTGAACATCGTCTCTTGACCATACTTAATTTACGTCTGATAAGTCGGCTTC
Agace Aguilar	8222530-7	GTATTTCGGACGGCGAACCTGAGTAACGGACCTTGCAGGCATTAGTCCCGATGCTTCCAGACTACA
Agata Vicente	15469900-7	GTATCTGATTGCCGATGATTGCAGCTGTGAACACGTCCATCATAGAGCTCTAGCGTCTCCCGCTCA
Agathe Jefferson	18484167-3	AGCATTTGGATCGCTACAACCTAACTCGCGTGCTGACCCGAAAAGTGGTCTCGGATCCGCACTAGA
Aggie Ferrer	9701532-5	TTGGTGAAGCTCGGCCGTTAACGTATTCTTAGTGTGGATGAAACATTTCAACGGGGAAATGTACAG
Aila Mcbride	7173201-0	CCGCATTCAATAAATACGTTATAGGTGGCGTATGACCGACTCAATGCGCTACGTGTGGGGGCCCGT
Ailyn Fields	16508801-8	CACTGGGATCAACCTCTATTTAATGTTCACGGATGCGGAATAATGTGTCGCGACAAGAGAGCACAT
Aime Black	18749032-4	CGCTCGATCCTAAGGGATCCCCGCGAGCTTATCGCGCTCTTATTTTACCTAAGCAGCTATATCGTA
Alanah Jim√©nez	7014995-8	TATCGTGTGCTGCGGCCTATTCGACCGTAAGCCTTTTCAATATAAACGCGCACACTAACTTCAAGA
Alayne Becker	5260579-2	AATCGTGAAGGAAGACGTTCACTAATCCTGCATGATTGCTACAATGGCACACATCAGCATATACGC
Alexa Woodward	19079010-K	TATACTGCCCACTGATTCTAACACCGTACTTAATTCACGGAATTCAACGCTTGAGCAGGCTGAGAG
Alexandra Terrell	3418002-4	GACCAGACTAAGTAGTGCTCTAGATACCCCATCTAGGCGTCATAAAACAATGCTGAACGCTTGACC
Alexine Figueroa	10547218-8	ATTGATCGCATCGAGGATGCATTCCCGTACCAGGTGACATAAGAACGCTCGCGAAGTCAATACTGG
Alida Petty	13917889-0	ATACGTAGGCCAAAGACGACGCTGTATGGTACTAAACGACATAAATATCCTCGGTAACACTAGATT
Allegra Mcdaniel	6100879-9	ATAATTCGGTTGTTTCTGACGCATACGGTGTTCGGCGTTCATCATAAGGTAGAACTGTTCGCTGTT
Allene Collier	9431427-5	TCAACACAGTCAGCAGGTATATTGTACAGTGTGAGCCTGCTAACGCAACTTACACGCTTTTCCTGA
Allina Bauer	18614826-6	TAATCAGGCGGGGCTTGAAAATTAGTCACAAAGGTGTGAGTATTAGGTACATGCGCCTACTTTACC
Allissa Blake	3529347-7	CCCGTACCTTTTGACTCAGCTCACTACGTAACGAGGTCGTTTAAGCGCATTGATGCCAACGCGCAG
Alvina Hammond	9060805-3	ACTCAGATCAAATAGGACTACGAGATCCTTCGCAGATGTGATCATCTTATAGGGCGACATCCGTTT
Alvira Beasley	8309691-8	GAGGTGAAGCCCCGATCAGCGCTAGGTTACATTTATTCCCTTATGAGATGCGCTAGACGCCTTCAC
Alyda Head	6732054-9	CACTACTCCGATGCCTTCGGTTATGAGTATAACCTTGGTGAAAAGGCTCTAGGTCCAAGTTGGCGT
Amalea Sandoval	18697236-8	TCCTGATGTCGAGCCGGTACCAGGTCGCGATATAATCGTGAATCGCATGGTAGAGCTGCGGTGCGT
Amalita Clayton	16825723-6	GCTACGGGGCTGTCTCTACAAGCGTTAAAACGGACCGCACATATTATCTAGCCTGGTTAAAGCCAT
Amber Savage	5373425-1	TGATGGTCAATTCTAGACTCTCGCTAGTTGGTTTCACCCGTAATTCGCACGTAAATATCGGACTAG