Abagael Dunn	6904814-5	ACGCGCTACTGGTCAAATCTTCCGCTGTCGCCGCGTATAACGGGATGTTTAAGCTACAACTTGGCC
Abagail Cox	17967023-2	GATTAACTAAAGGGTCTTATCCGAGATCATGAACCAAGAGCGAAGCCTAGTTCTGAACAGTGTAAG
Abbe Jordan	5187494-3	TACAACGCAAGGTTAACACAAGATATAGAAAACACGAGTCAGGACAGGCGGGAATGTCCACTGTAG
Abbey Romero	6197745-7	GGCACAAGGACGGGACGGATCCGAGATGATAGAGGCCTCTGCGACCCTCAAAGGGTGTCGTCCCAA
Abbi Fisher	10990519-4	AGCACGCTTGTTTGCATTGTGGCTTTGGAATAAAGTCCGAAATGGCATCGGACTCACAGAGGCTTT
Abbie Rubio	13664513-7	TCGAAGGCTGCAGGGCAGGGCTTGCTCAGCTGCCGGGAGGCGATGACTGGTAATGTTCCAAGCTTG
Abby Barr	6262063-3	TTGTCTAATATTTAGCGACCAACAGTTGCGGTTCGCCGGCATGCATGCAAACCCGTGCTGCATTTC
Abbye Newton	2371426-4	CTTATGTGTCGTATCGGAGCGCACCCACACCTGTAAGAGTGTCCCTGAGGAATCAGACAACTTTTC
Abigael Hart	16134845-7	ATGTCGGGTTTCTACTAGTGATACGAAAATGCATACAATAGTTCAACACGGCAACACAGACGGAGT
Abigail Beasley	14241414-7	AATCATACGCTCCCTCGGTGTACTGGTATACGTGCGCGTACGCTGTCTAGACCCTTACTTTTACCA
Abigale Maddox	3779125-3	GGATTAACTACACAGTCCCGCTATCAAGAATCCATTGGTTAGTCCAACAGAATTTATCGTTCTACA
Abra Calderon	8976992-2	CTGCGCCTGAGGTTATCATCTGCCGTGTACCCCCATAAACCAGATCTACGTCGCTAAAGTACGCGG
Adah Wyatt	6225370-3	CTGGAAATATGTAGTGTCGGCCTATTCTGAGATGGTGGCCCGACGATGCACAGGAGTCTACCTCCT
Adaline Bruce	4677131-1	CGTGGGACTGCCCTGCACGAGAGGTGGTGCAGTCTGGGTAGACCCCCGCATTCCCCTAGATTTGTT
Adan Delgado	8520458-0	CCGGCGGGACCACCCAACCTATTATCCACGGAGAAGTATCTGTTGTATCTGACTTATAGGAGCACC
Adara Riley	5097553-3	GCCGGACGCCGCAAGGTCGTCCATTAGGTTTTGCACGCGCGAACTGTGACTTGTTCCGCCATGGTG
Adda Hughes	19469580-2	CCGGATGGCATAAACTACCTTCAAATAGTTCCTCATTTTGCTTTCACCCCCGACCGAGAATTATCA
Addi Keller	4843671-4	TAGTTTAAGCCTTATCACAGAATTTCATGGGATAGGGGTCTCAGGCGCCGCACCATGCCGTATCGT
Addia Rios	17684777-8	GGCCGGCTATGGTCTCAGCTCTGTGGCGGGCTAGGAGGTTCAGCAAGGCCGCTGTAGATTGATTCA
Addie Owens	18534875-K	GCCAGCCAGGCGCGTTGGAATCGGGTCACGGTGTTGAATGCGTCCGCTAGTGATTCATTTCGTCCG
Addy Schwartz	13898683-7	GGAGCTAAAATTCGAAGCGCAATTAACTAAGCGACTAGTCGATGACACTTCTAGAATACTTAGAAT
Adel Neal	1062876-8	TAATTGCTTGTCCTAGAAAGGGGAGTAAGCGCGAGCGCACAGACCGCAATAGAGGGGGGGACCCAG
Adelaida Marín	17676593-3	ATAGAGACAAGGGCCGCACAAACCCCGAGCGCACGCGGATCACATTTTACCGATAGACTAACGCTA
Adelaide Conner	4630656-2	CTCCAGTAAGTGCGTCGTTTCCATGGGGCTTTATCTCCAATGTGGCGGTCAAGTTATTGGAAAGAC
Adele Webster	7208662-7	GCGTGAGGAGAAAACGTAACTCTCTCAAATAAAAGTCGCTGGCAGACTAATCTGTAGTATGAATAC
Adelheid Wade	9436349-7	GGGTAGAGAATTTACATGTTTGCTAGGGTGAAGAATGACGGTATGTCGAGCGGTAGCCTATTAGTC
Adelice Nelson	5565496-4	GAGAAGACTGCACTAGACACCATCAGACTAAAATGTAATGAGGTATAGGACGCAAGATACAAGCAA
Adelina Park	17209139-3	CACGCTCTCATGTGTCGGTTATATACTAGGTCAGATTGGACACCATGCGCCAACCGTCTCTCAACG
Adelind Schneider	9753313-K	GGACTATCCCCGTGTGCGCACTACTTGTCGCAAAAGAGACGCAGGTCGCTAGAACCTGTTAGAAGG
Adeline Snow	4113424-0	TAGGACAGTATGTATGGGCGGTATAAAACTGACGAACAAAATGTTCGATTGACGAAAATGAGGATT
Adella Boyd	11077359-5	TTCCCGAGAGAATCATAACTCATGAACATTGGGACATAGCGGCCATGCCAGGCATGAAATATGCCG
Adelle Rivers	18894194-K	AGGATGGTACCACAGGTCAAATATCCTTGATCACGAGAGGCGCATTGTGTGAGCTCCGTTCTATTT
Adena Hammond	15604402-4	CACATGAGATCAGCAAGCCGGCTTGGTAGGACTCATAGTACCCTATCACCGACCGGCTAGGGGCGC
Adey Fernández	9874623-4	AAGGTTCTAATGGTAATAGTCTTAAATCAGAAAAGGAAACGCACCCATTCCTCGACGATCTTCGGC
Adi Day	15355557-5	TACAGCCTAACCCGCAGGCTTTAACGGGCTACCATATTTCCTCCGTCGGCCACTTGTTATCCGGCA
Adiana Hensley	10635440-5	ACCCCAGTGCGATACGCGCAGGGCTCAACACGTGGGGCGCGCCCGGTAACATGTAGCAAACAGAGC
Adina Hinton	10327832-5	TGTTTCGAACAACGCTATACGCGAGGGACACTACACCAAGCCGGTGCATATGCACGTGGCTGTGAC
Adora Williams	2174218-K	CACGGCATTAGTTACTAGCAGGTCTTTATAACAACTCCACCCCAAAGTCGCTGATCGAAATGTGGT
Adore Pastor	4598717-5	AACTACGCCCTCAGCCGCAATGGGCAATACCCTTCTTACGACGAGAGACTATGGACTGGGTACAGC
Adoree Norris	4835174-3	GATAGCTGGCACCCCACGCCCCTACCTAGCTGAAAAGGGGTTTTCACCAGCCCCGTTGTCAAATCA
Adrea Nash	1141379-K	TGGTCAGTTTTCTGAATCGGAATACATCATGCCGTGGCAGAATGTTAAGACGAATAGCAGGCCTCG
Adria Thornton	8395363-2	ACCGTCATGTCTTTCTGCTGCACATGTTAAAAGGCCGGCTGTCATTCGTATTGGGACTATTTTAAG
Adriaens Atkinson	12449224-6	GCAGACGACCGCTAAAACAGAGTTCGTCGCGATTTCAAGGACGTCAGAGTCCTCACCTACTCAGTG
Adrian Melton	19903330-1	ACGTACCACACGAGATGGAATGATTGGTCGGCCTGATATCGACACCTTTGTGATCTTGTACTCAAC
Adriana Humphrey	12935840-8	AAGGGCTTTACCACTTACCTACGGGTGTACGAGGGCATTCCAGGATCTGCGATCCCCGGGTGCAAA
Adriane Newton	4123510-1	CGGCCTCCAGTCGTATTATACTCTAGCGGGACGTGACGTCTGCCCTAGCAACTAAGCGCGCCCACG
Adrianna William	2449011-4	CTTATACTTCCTGACCGGCGTCAAACACTGATTCCAAAGGGATGGTTAGAAGCCATAGCACGATAC
Adrianne Trujillo	1622579-7	TCCTACACCCACACGTCAATTTCGATTTAGCACATGGACGCTTCCCGATGATGGTCCAGCGCACCG
Adrienne Maldonado	15709380-0	ACGCCGACTGTTTTCTCGGAACCACTTATCTGTCGAATAACTTATCTGAATACGCCATACACCCCG
Aeriel Horton	10681511-9	TAAAACCCGTCTCCTCTCCGCTCGTCAGTCGACCGTGCGGTTTCGTGCCCTCAAAGTAGTTGATGT
Aeriela Jensen	19274309-5	CTATATCAAGCTTTGACCGGGAATTATGACGATGGCGCAGCACCCGGACATTACTGCGCACGTGTA
Aeriell Ochoa	5538542-4	CAAAAGGATCATTAATAGTAGAGTCCACGATTCGCAGCCTCCATTCCCTAGTATAAATTGGGCCGC
Afton Grimes	6114567-2	CGATAGATGGTAACGACAGTCACAACAATCCGAGCTAAGAAGATTGTACAGGAGACACTAGCAAGC
Ag Alonso	9308078-5	ACCTGGAACTGCCAGCTGCTATTCATGGACCGAACCCTCCCCCCGTAGCTCAAGTGTGGACTCAAT
Agatha Grimes	17975973-K	GGGGATTGAATGGACCATGTAGGTTCCGTAATAAGAAGCTTACGGCATACGAGACCCTTAGCGTGT
Aggi Holland	1883651-3	GCGACATCAGGTATTTGCGTAAGCGGAACGCGCTAAATCGGTTATTGCTTTGCAACATGAAAGCGC
Aggy Mclean	3077219-9	CAGCATTGAGTCATGTCCAAAGGTTTGCTTCTAGTCCAGGTAGCTGGAGCGCGCACCGGCAGAATA
Agna Browning	5318229-1	TTTTCTCAACGCGCTTGGCCCGTGTATTGCATCAAGTGTTCAGCATATTTACGTAGATCGGTTACA
Agnella Vaughn	19928333-2	AGCCTGTGTCTGAAATATCTAAACGATCCTGACGCAACCTTGTGTTTACAGTTCAACGCTACGTTC
Agnes Burks	5626615-1	TTTGAATACCTTGGCAGAACAGCACGGGCATACGCCCTAATCTCCGGTTACGGACTGGCGATGGTG
Agnese Mays	13503999-3	AATTGTAAGAACCCCGTCTGACAGGTACAACCCCCGGGTCCTGGGCCAGCCCGTGATCGTAGATAA
Agnesse Massey	19735004-0	GATCGTGGCATAATACTTTGTGAGGTCACCATTTGGGCGCTGGTTGAAAAAGAGCCTTAGATGCGT
Agneta Winters	15724928-2	CACCCGTGTGGCCACTATCCACATTCACTTCGGGTATAGGTTTCGATGTTACGGTTACCGTGGGGC
Agnola Owens	9829666-2	GCTGAGAAAACACAGGTTACAGGACGCCCACGAACGGTCGTCGCTGCGCATACGTACACTGCTAGT
Agretha Miller	16676702-4	GCGACTCGAGTTATCTTTAATAGGCCCATAGGGCCGCGAAGGAAGCCTTGAGTACCGACAAACTTT
Aida Witt	6486725-3	ACCTGTTACAACCCTAAGAACTGCGGTTCACATTGTGGTACGGACTACCCTGGTTCGACTGAGCTT
Aidan Baird	7674688-5	GAGCAGCCCAGAAGTGGCACGCAATGGTATATCCACCGCACGCCACGCTAATTAATCAAGAGGGAC
Aigneis Yang	9786228-1	AGGGACTAATGCCAACGCAATATGTAGCCTATATAAGGGTGCGAGGATAGCCTAAGACATTCCAAC
Aile Barber	16606471-6	GAGACTGATTCGTAGTATCTCAGGACATAGGAATATTTGTCTGAATATGAATTATGACGCCGAGAA
Ailee Carney	18100965-9	ATTAGAGGCTGAGTTGGAGCAGCGCTGACTGCTGCAAACATGTGCGTACAGTCACACGTTGATAGA
Aileen Hobbs	7464968-8	GCCAAGCCGATCAGGACTATTCGGCTAGTCCACCAGGCGTCAACAACGCCACAGTAAGGTATCTTC
Ailene Carpenter	10620931-6	CCACTTCTAGTACCTAATGAATTAATGTGCCTACAGTCAAGCGTTGCACCCCTGGTACTTCTAACG
Ailey Branch	5456647-6	CCTAAAACTGTGTAATCCTTGGGAGAAAACGCTCGCGGTGAATGCCGGTGGAACTATCTACGCAGA
Aili Rivers	6634255-7	ATCTGCCGCGAGCCCTCGGACTTCACCCGCCTTTAACAAATATCGAGGTGCTAGTCCGGCGGGAGA
Ailina Wiggins	4999961-5	GCCTTGGACTGCACGTGAATCAGGCTCCCCGTTCTGAGATCTTTCCCCAGACCCTAAAACCGCGAG
Ailis Mckee	8839609-K	AGAAGTTCTCCCGAACGACTCTGAAATGGTGAATGCATTGGTCCTGGTCTTCGTTAGTATATTATG
Ailsun Thompson	4093435-9	TGTGATCAAGGGGTTCTGCGAGTGACAGGCTCCCTCCAACACCTACGCTGACCGTTAATACTAAGT
Aimee Mercer	7648006-0	CGGGCATCGGGAATCCATACGAACCGTGCCCGATGAGTTCATGACAGCCCTTAGCGTATGGCCAGT
Aimil Woods	16744388-5	GAAATTAACGCTCCACCGTCTACCTCCATGCGGAACATTGCCCCTACAAGCGACGGCGACAACCAG
Aindrea León	7237854-7	TCGCAGCTCGTGAGATAGTGCGTATTAAACTCTAGGAGGCGTAAACACTTACTTAGCTACTTTTTT
Ainslee West	18047899-K	GGGGCTAGGCCCAGGTGGGGCCGCGGATTTGGCCGGCTGAGATCGCCGTCGGATTAATAAAACGCC
Ainsley Jiménez	19379223-5	GGTATCCCCTAGCGCGAAAGATACGGGCAGACAGCGCGAACCCACTGCGAAGCACGCCTTGTGGAG
Ainslie Barber	17745267-K	CAGTATGGATTAGTGTCGGTAGCAGTTGCGAGGACATATTCGACAGTTGCCCGGGAGGGCCTTCTG
Ajay Kramer	18161514-1	TGGGCTTGTAGCAAACGGCACGACCGCCTACATGGTTGGTCATTTGAGATCTTCAACTTTGTTATC
Alaine Morrison	10649162-3	TTGGGAGTGCCACGGGGGCTGTACCTTGCCAATACTAAGCAGCCGTGCACCCCGACCACAGATTGC
Alameda Potter	14181858-9	GCTAGTCCGGTTCTTCTTTCCTATACAGTGGGAATGTTGAGACCGCGTCGGTTCCAGCTGCAGTCG
Alana Little	1828588-6	GCGAGTACGCCATGTACCCAGCTAATTACATCTATCCGTTGGTGATTCTAGAGTAATTCAATCTTA
Alane Stevens	8191369-2	AGAGCCAAAACACAACCCACGACGAAGCTTGGTTTACAAGGATATACTCCAAGATGGAGGGCGACC
Alanna Britt	11059631-6	CTAGACTCAAATACTATTTGTGTGACCGACGTTTAGGAGTTCTACATGTTCTGTTTTGACCTCAGG
Alberta Bolton	8673334-K	ACGAGTTGCAAAAAATACGAACGTATGACGACTAAAAGGCCGAGTACGATTCGAAACGAGGTAAGA
Albertina Bonner	16527755-4	GTTGTCGGCATCCCATGTTTTACGTCTTGTCTCATCTAATATGCTGCACGGCCCCGTGGGGTTAAT
Albertine Alvarado	13898448-6	CGGTAGGCAACAGTGCCTTTGCCTGACTACGTACATCTCATGCAAAGCTGCCTCTCGTTCCCGCAA
Albina Frazier	19767453-9	ACACGGGAGCAGGCGGACAGATGCGCGACAATAGGAAATCAGGCTGCAGAGAGGATTCAGGGCCTA
Alecia Lara	19319175-4	TCTTAGCGGATAGTGAGCGCGCCTCAAGGGTTCCAACAAGTTGAAACTCACCAGAAGTGCCCGCCG
Aleda Collins	6836282-2	CCAGACTATCCAACAATTATCACAGTCCGTGATTCTATCTGTGTGTAACTCGTAGTTCACGTACCG
Aleece Hawkins	8670519-2	TGCAAATGTATTATATTCATCCACTCGCTCTTGTGCAGCTCGAACACGTCCGCAACTCATGAGTAA
Aleen Hernandez	12492628-9	GAAAGCGTCAACGCCGGAGGCGTCTACGCTGCGCGGTGAGCCCCCGATCCTTATCAAAACCTCGGT
Alejandra Carver	14063283-K	TGTGGGGAACGCGGGACTCTACACGCACATGTTAGAGGGCGTCTCTCCACCTAATGCATTTGTGGT
Alejandrina Levy	13094324-1	CGCCCTGACGTGCTAGTGTCCGATTCAGACATTGTCAAACCGCACATCGGGATAGTGGAACCCCCT
Alena Cook	18228614-1	GCGGAAATCCCCGCAAAAACTTCACCCATTTATTTTCTCGGAAGGGACCCCAGTCAGACGCCATCG
Alene Evans	17176232-4	GGTGGTTCTATGGTCCATGTCTATTTTCAGTCCTCATTAATGCTCGTGTAAGCAAGGGTATCGTTC
Alessandra Jones	19509831-K	TTATTGGAGCGTGTGAATTTAGGACGTAAACGGGCCTGTATCATAAGCCGTCAGCCGTGACCCAGC
Aleta Daniels	13838109-9	GGTTATCAGCGGTAATGGATCCAGATATCCGCAAATTGTCGAGGCAGAAATTAGTTGGTTTGGGGT
Alethea Horn	18555103-2	AAAACCTCTATTGCCTAACAAGTCGCCATTTACGGGGTGCGTACAGCAATCCCAGTCAAAGATGCT
Alex Durán	5252144-0	TCTGACCAAGCTATGCATGCGAAGATGCCTGACTGGGGGCAAGGATGTCTGGGACTTCTCGTGATC
Alexandrina Mayo	14294832-K	GGGCCAGGGCTACTTAAGCTCAGGCAAGGTCGCTTCCGAGTCTTAGCCATGGCTACCTCTTAGTGA
Alexi Chang	3178151-5	GGTTTTTAATCGAACCACCTTGTCAAGAACCCGATGCATGAACCACTAAGGGTTGAGCGGAGCTTC
Alexia Bernard	11952887-9	CCAAGCTCCACAATAGGGGCAAGGACCCAACGTTATCAAGCGCAGAGCTGTAATGTCCAGCACGTG
Alexina Best	7779735-1	TCTCGCAGGTTCCATACATCGGTATGATTCTAACACGGGTATGGCAGCGTCAGGATACGGGGTAGA
Alexis Gilmore	8709706-4	AAGTCCTAGAAGCTTAGTTAAGTAGCGAAGACCAACGCACGTTGCTTAGTTATCCATCGTTGTCGG
Alfi Workman	1886739-7	TTTGTCCGCCGTTAGCGTCCCGAATGAGCACATGTCTCATATAGATCGAGCTACAACAGCGGTTAC
Alfie Duffy	18672633-2	GATGGTTTCAAAGGCTTATAACCGGATCTAGTTAGTTGGACACTCATTAGCACTGTCGATTTACAC
Alfreda Bernard	14399151-2	CTTGGCTCATGTAGCGCTCTTCTGAAGCTGCAGCTTGCCGTGGATTTTCATAAGGGCAAATCGAGA
Alfy Schultz	8520154-9	CAATATTGGGTCCGGCGCTGATCAATAGTACGCTAGAATTGATCGAACCAACTGACCCCCCTACGC
Ali Glenn	19823292-0	GTCAGTCAGGACAGCGTGCTACCATAACGCTTGCCTCAGGCGCACCCATCTCAAGATATTTATGCG
Alia Ray	5310599-8	TAACTTTGCCGCGCGCATGACCACGTTTAAACTCAGGATTTGGCTATAGAGTCTGAGTCTTGCGTC
Alica Fowler	13540306-7	CCCAGGGTTATACATTGGTGATACTCCTAAGGGTACCAGCCCCGCCGTTGTCTTATCCCATCGTCA
Alice Lee	14654126-7	TTTCTCAGTCCATACTCGGGGCATAAAGGAGAGTAACTGTCGCTTCTTATCCGCCAAAGAGACCTC
Alicea Ayers	8559152-5	ACTGCACAGACTTACTGGCATATACGGGAATCGCATAATGTGTCACTTATTTGTCTACATGCGGAT
Alicia Dominguez	17391348-6	TGTTCTTTGAGGATGCAAAGTGTTAAATGTCCGGTATGTGTGTAGGAGTCAACCATCAAGTCCTTG
Alidia Bullock	6840802-4	GCACCGGGAATCTCGTCCTACTTGGAACGTTCCGTTCCCATCCACGGCCGTACAATTGGCGAGCGG
Alie Whitfield	12130284-5	ATGGATACAAGACCAGAGGGATTGTCAGACAACGAAATAGCATTAGCAGGATCCTCGAGAAATCGA
Alika Raymond	7950151-4	CTTTTGGGAGGAATTGCCACTATATAACCTGGGTTAACTTCATTGATGATTGTCATTGGCGAACCG
Alikee Mooney	13852404-3	CAAAGGGTTCCAACGCTAAAGCCTTGGCGCGATAATTGTTTGACCGCTGTATATTAATGTCGAGTG
Alina Reilly	1249866-7	ATCAGCGCCTTGAGTGACGCCAGGCTCACATTTTGAAGCGTGGAGCAGGTACCGTGAAGGCTTCTC
Aline Byers	19648665-8	TCCGCTTGCTAAATGTGCAACTCTGAGCAGGTTGTCGGCCCAGAGGTGCACGGACGAGAGTCAACT
Alis Day	18839498-1	TTGTCAGGGCTTCAGAAGCACCTCTATGAAAAAGGCATTGTTTTAGAGACATAGGGGTACGTCACA
Alisa Webb	17129161-5	GGTTCTGCAGGAGCTGACCCTGCCCAACAGTAGTGTGAGCCCGGAAGGCTATAGTGCAAGACGAAT
Alisha Shepard	2417577-4	ATTCCACTGCCCCGTCCCAGGTGTTGGGAGGTTTGCCAAGAGCTGTACGAAGCGTGAGAAAAGGAC
Alison Brock	8123135-4	CATATCCCCGCTGGTACCCGTAACTTTGGAATCTACCGCAGCTGAGACCGGAGAGAGGACGGTCCT
Alissa Brady	1640789-5	AGGCCGAGGCCGGCAGATAGACTGATCCTGACTTAGGGGCTCCGTTCACTTATCCGCTGATTCCCT
Alisun Mayer	4259471-7	GGATATCAATCCCGCATGAATCAACTTCCAATGTCTATACCTGGACATGGATAATGCTCGAAAAAG
Alix Guerrero	6542932-2	CACCCACACAGTAGGGTAGATAGCACCCTTTTAATCCTTCGAGTTCGTCGCTGCGCCCAGGTCAAT
Aliza Ward	4726446-4	TACCCACCGAACTCGTACGATCATCCTAGTATAGCACAAGAGCTAGCTCGCGCGTTGGTAAAGTTG
Alla Gray	7760437-5	CTAGAAACACCGAAAAGCAATCAAAATAGTATCTCAATTCCCTGTATGTGGGTCCATAGTACCAGG
Alleen Donovan	10077263-9	TTCCCAGACATTGCGAGCGCTTGGACATTCTGGGAACCATGACGTAAAACACTGAGGATAGCCAAG
Alli Durham	11630172-5	GCAATGATAATAGCGGAAAATGCTACCGGGTCTAGCATTTGGTAGATTAAGTGGAAACCTCGCCAG
Allianora Ferguson	6373973-1	AACGCCGTGGCAAGGCATGAAGTTCATGCAAATCATTCTAAGGCGTGTGGTTTCGGGGGGCATCGT
Allie Burch	16990550-9	TGCTGCTTGGTACAGGGTTTCGGCGATCCGAATAAGATAAAGGATCTCTTTCGGAAGGCCACGTTT
Allis Fuentes	17272847-2	CGAGAATCTTGTACTTAAGCGTACCTTGAAGTGCTGAACGATCTTGAGGCAGGCGGAACTTGCCTA
Allison Valentine	11203547-8	TTATAAACAGATGATTCCTGAGAAGTAGGAGCGTCCATATCGGCGGCGCGTTATTCTAACGATATG
Allix Terry	16787960-8	TCATCCGCCAATAAATGTGGGATGCTGACATTCTCCTAGACCATCCTCGGTTGAACCGTAGGTGCC
Allsun Lozano	16092128-5	CGTAAACGATCAATAGACAAAGGAGGGACGAACTCAAGCTCAGCGATCCCTAGCATTCGACTTGTG
Allx Callahan	8424637-9	CAGCTACTAAATATGCTTCCAAAGCTCGGGCAGTTTGCTCTAAGAGAGAGATGTTCCCGAACCTGT
Ally Banks	17275312-4	CTTTAGGGCGCGGGCGACTATGCCGTATATGGAACCCAGAAACGTATCGATTCGCTTGCTCGCGCG
Allyce Shepard	3742408-0	GACCATAATCACAAAAGCAGCTTCGCCGTTGCAAGCTGACGTAGCGTACATGTACGGGCGTTGACA
Allyn Sawyer	7320140-3	ACGAGCCGATGGGATCTGCTGTAATTGTCTATACATTTTAAGCTGCCAATCGCTCTGGGCACTTAC
Allys Bradford	14678811-4	ACTCTAAGAACTTACTGGTGATTGTATATTGTTTAACAACCTTGTGTGTAAGACCTGCTTTGCCTG
Allyson Rollins	16538053-3	TGCGACAGGGGCCCATCGCGTTAAATCGCCGCCACTCCAGACGTCGTATACACGTGCCCATGGAAT
Alma Ramírez	16387441-5	CCCCTTGCATCTGGTTTCCCGCATTTCTAACAAACAGTGTCTTACGGCGGTCCACTACGAGGAGGT
Almeda Delgado	4576422-2	CGCGGAGGTTGCATTCGCCTGGCAGACTACACATATAATCCGATTCCAAGCCCGTACAAGTTTTGA
Almeria Hartman	3510516-6	CATAAAGGTGGTGGTAATATCCAGCCGGACTCATAGTCGACCCCTGGTGAAATAAGAACGCCTATC
Almeta Keith	9448491-K	GTAACGAATACACGACCGTCACTAGGCTTTGTTACCACAGAGCCCCGGACTATCCGTGACAAGGGT
Almira Miller	2506330-9	TACGCAGTCGGCCCTTGCATCTGGAAACATTGTGAGGGCCCGAAAGAGCACTTGTGGAGGTGAACC
Almire Conley	11579593-7	TGTAGATATCATCCACTCTTCGAGAGGAGCCATCTAAGGCCATTAGCGTTACTTTACACTTAAAAA
Aloise Martín	1903971-4	TCACCTACACATCACACCAGCTCGCCGGACTGATTCTCGGAGGTAATCGAGGACGCCCAATCTAAA
Aloisia Finley	6923416-K	CGACAGACTCTGTAATCGCCAATTATGATTGGTCCGGACTCGAAAGGCGCCACCGTAACCCCCCCC
Aloysia Gray	4402667-8	GCGTATCGTCCTAGTGTACGTCATGGTACCCAGTCTCCCAAGCCTGAATTCCCTCAATGTCGGTGA
Alta Whitney	6838366-8	CCGGCCCAAATCTTATTGACCATCTTGTGTTAGTGCAAGTGGGGCAGTAGCTCCCCATACTTATGT
Althea Ewing	16468732-5	ACGGACGACGGATGCGGAACGATGAGCGTCGTAGAGCCAGGCGGCTTCTAGCGGAAAGATCTGTAC
Alvera Ramirez	18391196-1	ACGGACCGAAGTACTGACCATCAGCGCCGTATACAACCCCGAGACTCGCAAGAGGACTCAGTATCA
Alverta Lewis	6077328-9	TGGTTACACAGCTGGCGGCGGCTCGGGATGCCCAACAGCTGAAGCTTATGACTCCTCTGGCACTCC
Alvinia Lindsey	7823600-0	CCGAAGAGGTAAGTCAAGATCGATACTGATCCTAGTTCCATTGTGCGACAATTGTAGGATTATTAG
Alyce Soler	19333973-5	GTGGCTGTTTATACCCATAGGCCCAAATTAAGCCGGAATTACGGGGGTCACAGCCTAGGTTTAAGG
Alys Foster	7238013-4	TTGTGTAGATGATGAAGTTGCTGGTACCGAAATTAGTGGCTAGCAGCAGTCCTGGCATCGAGGTAC
Alysa Kelley	18937425-9	TCCTTACACCTCGTTCATGCTTCTATCTTCTACGTAGTGGAGGGCGCCGCGGCGTGCTAGACTGAA
Alyse Velasco	15925984-6	ATCCCACAAATACTTATCATTAGGACCCGCAGGACACAGTTTTTCTCCCTACGCATGGAGTCTACT
Alysia Wall	11234961-8	CAACGGCTAGCTCATACGTGGTCCATCAACGGGTGCACTCGCACTGGTTTGCTAGAGAGATCCACA
Alyson Marín	10178449-5	AATCAACAGTAATTTCGACCCAGTAGAAACCTTTATGGAGCGGATGCCTTGAGCGTAGGTCCCACA
Alyss Thomas	16182058-K	GACTCCATGAATTATGGGGTTTTTAGTATCGGCGGCTCGACGCGATTGAGTGCAACACATGACCTA
Alyssa Dickson	12521268-9	CGAGCAGTCCGGCATAACCATTCAGGCATGTTCGAGTGTTCAGGATGGTCTCTGCGACCTACGTGC
Amabel Wilcox	19408737-3	TAATAGGATTCAATGAAAGCTCCCAAACTCGAATTCACAGACTGGCGCGACAGACTCACGGGCGGC
Amabelle Patel	6754300-9	TAACGAGCTGGAGTCGTTGTAGACTAGAAAATAAGCCATCACACAGAAGGAGATGATCTAGGGAAA
Amalee Love	17142726-6	CTCCTGTCCTTGTTCTTAAGGTGTTATGACGCACCCATAAAGTAGATCAACCTACCTCGAGTGCTT
Amaleta Palmer	12548518-9	CAGATCGTCTATCGTGAGCGTGTATGCTGTCCAAGATGGTATAGTTGTTTGCTATATGGCTACAGA
Amalia Williamson	2912833-2	CGTCATTTCGAAATGCGTAACGATACCTGATCTGTAACTTAGGAGTGTGTAACTGCATGCTAGAAA
Amalie Frye	12368653-5	CTGCCTACGATCACAGCAAGCGCTAGGCTCTGCTCAAGATCATCCGCTCCGATCCCGGTGCAGTGT
Amalle Hancock	11822298-9	GCATATGCCTCTCACTGATCGAGCAGGGACTGTCCTTGCCCTGTCGCATTGGTCCTTAAAGCTGGT
Amanda Gentry	6650973-7	TAGCAGTTCTGTGCAGAAGAGGAATCGGGTCCCGACCCAGGCCTATAGCATGGCTCACAAGGAACC
Amandi Benson	6433824-2	GGGGCCTAAGCAGAAGAGTAAGCCAAAGCTCCGGGCATTATTGCACCCACATACTGCTCCCCGAAC
Amandie Todd	6142847-K	TAATCAGACGCGGTGCATACCGAGATAATAGCGTGTGCTACCTAATACGCCCTCGCAGGGGCGTGA
Amandy Schneider	18219664-9	CCGCGGCTCTTATACCGCAAAATACAGGCCCGACAGACGTACGCCTTCTTTGACTGCGAGGGGCAT
Amara Mcdowell	14437473-8	CGCAAGTAGCCACTAGAGGCAACAGCCGAGTGTACGTACATTGACACCCATTATACGCCAACAAAG
Amargo Pennington	17384950-8	TGTATTGCAATCGCATTTGTGGCATGTTAATTTGTTCGAACTAGGCAAACATCATGGGGTTGAATT
Amata Knox	19175525-1	GCTGGACCAGGCCGCTCAATTAGTGTATTACTGGTACTGCCGTCGGTTAAGTGTTCCAACTCAGTC
Amberly Oneill	15602594-1	TTGATAATTTAGTTTCACTCGGCGTCTCCGTCCGATTGCTGACTTCCACCTTCGAGCTCACGCGTA
Ambur Winters	4148378-4	CGGATACCAATAGGAGAAGATGGCAACAACTGCTCTGATAGTACTAATTCTTTATAAGGGTGGTTG
Ame James	14358530-1	GGGATGGTTTGAAGACGCGCCAGCGTCTGTACCGTCTGTTCCCGGGCCACTTGAGAGTGGGCCGAG